{"cameraMode":{"drawMode":0,"name":"Shaded","section":"Shading Mode"},"sceneLighting":true,"audioPlay":false,"sceneViewState":{"m_AlwaysRefresh":false,"showFog":true,"showSkybox":true,"showFlares":true,"showImageEffects":true,"showParticleSystems":true,"showVisualEffectGraphs":true,"m_FxEnabled":true},"in2DMode":false,"pivot":{"x":3.3787190914154054,"y":1.230464220046997,"z":-0.30323362350463869},"rotation":{"x":-0.06195615977048874,"y":0.05835355073213577,"z":0.00363266933709383,"w":0.9963730573654175},"size":11.228853225708008,"orthographic":true}