{"cameraMode":{"drawMode":0,"name":"Shaded","section":"Shading Mode"},"sceneLighting":true,"audioPlay":false,"sceneViewState":{"m_AlwaysRefresh":false,"showFog":true,"showSkybox":true,"showFlares":true,"showImageEffects":true,"showParticleSystems":true,"showVisualEffectGraphs":true,"m_FxEnabled":true},"in2DMode":false,"pivot":{"x":-6.34650993347168,"y":6.8318986892700199,"z":0.9710006713867188},"rotation":{"x":0.011826444417238236,"y":0.9878096580505371,"z":-0.12242767214775086,"w":0.09542189538478852},"size":13.939715385437012,"orthographic":false}